{"stats":{"minecraft:crafted":{"minecraft:wooden_sword":1,"minecraft:oak_planks":68,"minecraft:crafting_table":1,"minecraft:stick":8,"minecraft:wooden_pickaxe":1,"minecraft:wooden_axe":1,"minecraft:bread":9},"minecraft:picked_up":{"swem:timothy_seeds":1,"minecraft:crafting_table":2,"minecraft:wheat":29,"iceandfire:podium_spruce":1,"minecraft:oak_pressure_plate":2,"minecraft:potato":1,"minecraft:porkchop":3,"minecraft:oak_log":17,"minecraft:carrot":1,"minecraft:dirt":9,"minecraft:string":4,"minecraft:experience_bottle":1,"minecraft:rotten_flesh":2,"minecraft:pumpkin_pie":1,"iceandfire:bestiary":1,"iceandfire:lectern":1,"minecraft:wheat_seeds":84,"minecraft:sugar_cane":4,"minecraft:cobblestone":3},"minecraft:mined":{"minecraft:carrots":1,"minecraft:wheat":29,"minecraft:crafting_table":2,"minecraft:grass_block":3,"minecraft:potatoes":1,"minecraft:oak_log":17,"minecraft:dirt":6,"iceandfire:lectern":1,"minecraft:oak_pressure_plate":2,"minecraft:cobweb":4,"minecraft:stone":3,"iceandfire:podium_spruce":1,"minecraft:oak_leaves":1},"minecraft:killed":{"minecraft:zombie":1,"minecraft:pig":1,"minecraft:zombie_horse":1},"minecraft:used":{"minecraft:wheat_seeds":31,"minecraft:wooden_axe":6,"minecraft:bread":6,"minecraft:wooden_pickaxe":3,"iceandfire:podium_spruce":1,"minecraft:wooden_sword":17,"iceandfire:pixie_dust":1,"minecraft:crafting_table":2,"minecraft:pumpkin_pie":1,"minecraft:experience_bottle":1,"minecraft:cobweb":4},"minecraft:dropped":{"minecraft:dirt":9,"swem:timothy_seeds":1,"minecraft:sugar_cane":4,"minecraft:wheat_seeds":53,"minecraft:oak_pressure_plate":2,"minecraft:rotten_flesh":2},"minecraft:custom":{"minecraft:interact_with_furnace":7,"minecraft:time_since_rest":21176,"minecraft:sprint_one_cm":44333,"lootr:looted_stat":8,"minecraft:damage_taken":360,"minecraft:walk_one_cm":56975,"minecraft:mob_kills":3,"minecraft:drop":10,"minecraft:damage_dealt":459,"minecraft:swim_one_cm":968,"minecraft:interact_with_crafting_table":2,"minecraft:fly_one_cm":65357,"minecraft:open_barrel":2,"minecraft:crouch_one_cm":600,"minecraft:play_one_minute":21176,"tombstone:undead_killed":2,"minecraft:sneak_time":497,"minecraft:walk_under_water_one_cm":64,"minecraft:jump":238,"minecraft:leave_game":3,"minecraft:walk_on_water_one_cm":166,"minecraft:time_since_death":21176,"minecraft:interact_with_smoker":1,"minecraft:fall_one_cm":6397,"minecraft:horse_one_cm":18989}},"DataVersion":2586}