{"stats":{"minecraft:crafted":{"minecraft:wooden_sword":1,"minecraft:oak_planks":68,"minecraft:crafting_table":1,"minecraft:stick":8,"minecraft:wooden_pickaxe":1,"minecraft:wooden_axe":1},"minecraft:picked_up":{"swem:timothy_seeds":1,"minecraft:crafting_table":1,"minecraft:wheat":29,"iceandfire:podium_spruce":1,"minecraft:potato":1,"minecraft:porkchop":3,"minecraft:oak_log":17,"minecraft:carrot":1,"minecraft:string":4,"iceandfire:bestiary":1,"iceandfire:lectern":1,"minecraft:wheat_seeds":84,"minecraft:sugar_cane":4},"minecraft:mined":{"minecraft:carrots":1,"minecraft:wheat":29,"minecraft:crafting_table":1,"minecraft:potatoes":1,"minecraft:oak_log":17,"iceandfire:lectern":1,"minecraft:cobweb":4,"iceandfire:podium_spruce":1,"minecraft:oak_leaves":1},"minecraft:killed":{"minecraft:pig":1},"minecraft:used":{"minecraft:wheat_seeds":31,"minecraft:wooden_axe":3,"iceandfire:podium_spruce":1,"minecraft:wooden_sword":7,"iceandfire:pixie_dust":1,"minecraft:crafting_table":1,"minecraft:cobweb":4},"minecraft:dropped":{"swem:timothy_seeds":1,"minecraft:sugar_cane":4,"minecraft:wheat_seeds":53},"minecraft:custom":{"minecraft:interact_with_furnace":1,"minecraft:time_since_rest":14905,"minecraft:sprint_one_cm":34005,"lootr:looted_stat":7,"minecraft:walk_one_cm":32836,"minecraft:mob_kills":1,"minecraft:drop":5,"minecraft:damage_dealt":100,"minecraft:swim_one_cm":968,"minecraft:interact_with_crafting_table":1,"minecraft:fly_one_cm":61337,"minecraft:open_barrel":2,"minecraft:crouch_one_cm":582,"minecraft:play_one_minute":14905,"minecraft:sneak_time":405,"minecraft:walk_under_water_one_cm":64,"minecraft:jump":197,"minecraft:leave_game":2,"minecraft:walk_on_water_one_cm":166,"minecraft:time_since_death":14905,"minecraft:interact_with_smoker":1,"minecraft:fall_one_cm":5403}},"DataVersion":2586}