{"stats":{"minecraft:picked_up":{"immersive_aircraft:enhanced_propeller":1,"immersive_aircraft:biplane":1,"minecraft:firework_rocket":64,"immersive_aircraft:nether_engine":1,"immersive_aircraft:sturdy_pipes":1,"biomesoplenty:willow_log":6,"biomesoplenty:willow_planks":24,"minecraft:bow":1,"minecraft:wheat_seeds":1,"immersive_aircraft:industrial_gears":1,"immersive_aircraft:gyrodyne":1,"alexsmobs:animal_dictionary":1},"minecraft:mined":{"minecraft:grass":8,"minecraft:spruce_leaves":2,"biomesoplenty:willow_log":6,"minecraft:fern":2},"minecraft:dropped":{"biomesoplenty:willow_planks":24,"minecraft:wheat_seeds":1,"alexsmobs:animal_dictionary":1},"minecraft:crafted":{"biomesoplenty:willow_planks":24},"minecraft:used":{"smallships:bop_magic_drakkar":1,"smallships:bop_magic_cog":1,"smallships:bop_magic_rowboat":1,"immersive_aircraft:gyrodyne":1,"smallships:bop_magic_galley":1,"smallships:bop_magic_war_galley":2,"immersive_aircraft:biplane":1},"minecraft:custom":{"minecraft:time_since_rest":31658,"minecraft:crouch_one_cm":124,"minecraft:play_one_minute":31658,"lootr:looted_stat":2,"minecraft:sprint_one_cm":7903,"minecraft:damage_taken":30,"minecraft:walk_one_cm":6283,"minecraft:sneak_time":345,"minecraft:walk_under_water_one_cm":108162,"minecraft:drop":3,"minecraft:jump":83,"minecraft:walk_on_water_one_cm":4046,"minecraft:leave_game":3,"minecraft:time_since_death":31658,"minecraft:climb_one_cm":1199,"minecraft:swim_one_cm":1745,"minecraft:fall_one_cm":2772,"minecraft:fly_one_cm":333743}},"DataVersion":2586}