{"stats":{"minecraft:crafted":{"minecraft:wooden_sword":1,"minecraft:oak_planks":68,"minecraft:crafting_table":1,"minecraft:stick":8,"minecraft:wooden_pickaxe":1,"minecraft:wooden_axe":1},"minecraft:picked_up":{"minecraft:crafting_table":1,"iceandfire:podium_spruce":1,"iceandfire:bestiary":1,"iceandfire:lectern":1,"minecraft:porkchop":3,"minecraft:oak_log":17},"minecraft:mined":{"minecraft:oak_log":17,"iceandfire:lectern":1,"iceandfire:podium_spruce":1,"minecraft:crafting_table":1,"minecraft:oak_leaves":1},"minecraft:killed":{"minecraft:pig":1},"minecraft:used":{"minecraft:wooden_axe":3,"iceandfire:podium_spruce":1,"minecraft:wooden_sword":3,"minecraft:crafting_table":1},"minecraft:custom":{"minecraft:time_since_rest":9363,"lootr:looted_stat":2,"minecraft:play_one_minute":9363,"minecraft:crouch_one_cm":582,"minecraft:sprint_one_cm":17067,"minecraft:walk_one_cm":10425,"minecraft:sneak_time":402,"minecraft:walk_under_water_one_cm":64,"minecraft:mob_kills":1,"minecraft:jump":163,"minecraft:damage_dealt":100,"minecraft:time_since_death":9363,"minecraft:leave_game":2,"minecraft:walk_on_water_one_cm":166,"minecraft:swim_one_cm":968,"minecraft:interact_with_crafting_table":1,"minecraft:fall_one_cm":4983,"minecraft:fly_one_cm":51415}},"DataVersion":2586}