{"stats":{"minecraft:picked_up":{"biomesoplenty:willow_log":6,"minecraft:wheat_seeds":1},"minecraft:mined":{"minecraft:grass":8,"minecraft:spruce_leaves":2,"biomesoplenty:willow_log":6,"minecraft:fern":2},"minecraft:dropped":{"minecraft:wheat_seeds":1},"minecraft:crafted":{"biomesoplenty:willow_planks":24},"minecraft:used":{"immersive_aircraft:biplane":1},"minecraft:custom":{"minecraft:jump":77,"minecraft:time_since_rest":7658,"minecraft:play_one_minute":7658,"minecraft:leave_game":3,"minecraft:sprint_one_cm":7903,"minecraft:damage_taken":30,"minecraft:time_since_death":7658,"minecraft:walk_one_cm":5352,"minecraft:sneak_time":19,"minecraft:climb_one_cm":400,"minecraft:fly_one_cm":18695,"minecraft:fall_one_cm":2772,"minecraft:drop":1}},"DataVersion":2586}