{"stats":{"minecraft:picked_up":{"immersive_aircraft:enhanced_propeller":1,"immersive_aircraft:biplane":1,"minecraft:firework_rocket":64,"immersive_aircraft:nether_engine":1,"immersive_aircraft:sturdy_pipes":1,"biomesoplenty:willow_log":6,"biomesoplenty:willow_planks":24,"minecraft:bow":1,"minecraft:wheat_seeds":1,"immersive_aircraft:industrial_gears":1,"immersive_aircraft:gyrodyne":1,"alexsmobs:animal_dictionary":1},"minecraft:mined":{"minecraft:grass":8,"minecraft:spruce_leaves":2,"biomesoplenty:willow_log":6,"minecraft:fern":2},"minecraft:dropped":{"biomesoplenty:willow_planks":24,"minecraft:wheat_seeds":1,"alexsmobs:animal_dictionary":1},"minecraft:crafted":{"biomesoplenty:willow_planks":24},"minecraft:used":{"immersive_aircraft:gyrodyne":1,"immersive_aircraft:biplane":1},"minecraft:custom":{"minecraft:time_since_rest":19658,"minecraft:play_one_minute":19658,"minecraft:sprint_one_cm":7903,"minecraft:damage_taken":30,"minecraft:walk_one_cm":5505,"minecraft:sneak_time":67,"minecraft:walk_under_water_one_cm":60794,"minecraft:drop":3,"minecraft:jump":77,"minecraft:walk_on_water_one_cm":344,"minecraft:leave_game":3,"minecraft:time_since_death":19658,"minecraft:climb_one_cm":400,"minecraft:swim_one_cm":1745,"minecraft:fall_one_cm":2772,"minecraft:fly_one_cm":18695}},"DataVersion":2586}