{"stats":{"minecraft:custom":{"minecraft:jump":186,"minecraft:time_since_rest":5041,"minecraft:damage_taken":40,"minecraft:crouch_one_cm":25,"minecraft:play_one_minute":5041,"lootr:looted_stat":9,"minecraft:sprint_one_cm":31505,"minecraft:walk_on_water_one_cm":1099,"minecraft:time_since_death":5041,"minecraft:walk_one_cm":10273,"minecraft:sneak_time":5,"minecraft:walk_under_water_one_cm":269,"minecraft:swim_one_cm":678,"minecraft:drop":2,"minecraft:fall_one_cm":5909,"minecraft:fly_one_cm":51696,"minecraft:open_barrel":1},"minecraft:mined":{"minecraft:grass":6,"minecraft:bookshelf":1},"minecraft:dropped":{"swem:oat_seeds":1,"swem:alfalfa_seeds":2},"minecraft:picked_up":{"swem:alfalfa_seeds":2,"swem:oat_seeds":1,"minecraft:book":3}},"DataVersion":2586}