{"stats":{"minecraft:used":{"minecraft:item_frame":1,"iceandfire:pixie_dust":4,"minecraft:bread":6,"minecraft:iron_pickaxe":4,"carryon:entity_item":1,"minecraft:iron_sword":1},"minecraft:custom":{"minecraft:time_since_rest":17041,"minecraft:play_one_minute":17041,"minecraft:crouch_one_cm":514,"lootr:looted_stat":32,"minecraft:sprint_one_cm":96314,"minecraft:damage_taken":330,"minecraft:walk_one_cm":46328,"minecraft:sneak_time":600,"minecraft:walk_under_water_one_cm":362,"minecraft:drop":4,"minecraft:jump":388,"minecraft:damage_dealt":47,"minecraft:time_since_death":17041,"minecraft:walk_on_water_one_cm":1267,"minecraft:climb_one_cm":322,"minecraft:swim_one_cm":678,"minecraft:fall_one_cm":13391,"minecraft:fly_one_cm":98554,"minecraft:open_barrel":5},"minecraft:mined":{"minecraft:grass":6,"minecraft:bookshelf":3,"minecraft:glass_pane":1,"minecraft:tall_grass":1,"minecraft:cobblestone":2,"minecraft:iron_block":1,"minecraft:hay_block":4,"minecraft:wall_torch":1},"minecraft:dropped":{"minecraft:cobblestone":2,"minecraft:wheat_seeds":1,"swem:oat_seeds":1,"swem:alfalfa_seeds":2},"minecraft:picked_up":{"minecraft:book":6,"minecraft:item_frame":1,"minecraft:torch":1,"minecraft:wheat_seeds":1,"minecraft:hay_block":4,"minecraft:iron_block":1,"minecraft:iron_ingot":4,"swem:alfalfa_seeds":2,"minecraft:gold_ingot":4,"swem:oat_seeds":1,"minecraft:cobblestone":2}},"DataVersion":2586}