{"stats":{"minecraft:used":{"minecraft:iron_sword":33,"iceandfire:pixie_dust":5,"minecraft:crafting_table":2,"tombstone:bag_of_seeds":2,"minecraft:apple":6,"minecraft:chipped_anvil":1,"minecraft:iron_axe":9,"minecraft:bread":10,"minecraft:iron_pickaxe":9,"carryon:entity_item":1,"minecraft:item_frame":1,"tombstone:gift":2,"minecraft:cobweb":3},"minecraft:killed_by":{"minecraft:zombie":1},"minecraft:killed":{"hordes:zombie_player":1,"minecraft:sheep":2,"minecraft:zombie":1,"minecraft:cow":14},"minecraft:mined":{"minecraft:glass_pane":1,"minecraft:crafting_table":2,"minecraft:tall_grass":5,"minecraft:cobblestone":2,"minecraft:wall_torch":1,"minecraft:spawner":1,"minecraft:hay_block":16,"minecraft:grass":8,"minecraft:bookshelf":3,"minecraft:oak_log":3,"minecraft:cobweb":3,"minecraft:iron_block":1,"minecraft:chipped_anvil":2},"minecraft:crafted":{"minecraft:saddle":1,"minecraft:oak_planks":12,"minecraft:tripwire_hook":2,"minecraft:crafting_table":1,"minecraft:bread":48,"minecraft:iron_axe":1,"minecraft:stick":4,"minecraft:wheat":144},"minecraft:dropped":{"minecraft:wheat_seeds":1,"mysticalworld:aubergine_seeds":3,"swem:alfalfa_seeds":2,"minecraft:cobblestone":2,"minecraft:leather":1,"minecraft:pumpkin_seeds":3,"minecraft:stick":1,"swem:timothy_seeds":1,"minecraft:torch":1,"minecraft:beetroot_seeds":2,"atum:flax_seeds":1,"iceandfire:manuscript":107,"swem:oat_seeds":2,"minecraft:armor_stand":1},"minecraft:custom":{"lootr:looted_stat":37,"minecraft:mob_kills":18,"minecraft:interact_with_crafting_table":3,"minecraft:open_barrel":10,"minecraft:play_one_minute":32816,"minecraft:leave_game":1,"minecraft:time_since_death":12635,"minecraft:climb_one_cm":540,"minecraft:time_since_rest":12315,"minecraft:sprint_one_cm":136873,"minecraft:damage_taken":696,"minecraft:walk_one_cm":90502,"minecraft:drop":20,"minecraft:damage_dealt":1996,"minecraft:swim_one_cm":678,"minecraft:fly_one_cm":181799,"minecraft:crouch_one_cm":1912,"tombstone:undead_killed":2,"minecraft:deaths":1,"minecraft:sneak_time":1035,"minecraft:walk_under_water_one_cm":505,"minecraft:jump":747,"minecraft:walk_on_water_one_cm":1910,"minecraft:fall_one_cm":22100,"minecraft:horse_one_cm":47660},"minecraft:picked_up":{"swem:timothy_seeds":1,"minecraft:crafting_table":2,"minecraft:leather_chestplate":1,"minecraft:leather":8,"paraglider:spirit_orb":2,"minecraft:oak_log":3,"iceandfire:manuscript":54,"minecraft:string":4,"minecraft:item_frame":1,"minecraft:leather_boots":1,"minecraft:armor_stand":1,"minecraft:chipped_anvil":2,"iceandfire:bestiary":1,"minecraft:wheat_seeds":1,"minecraft:beef":27,"minecraft:iron_ingot":4,"tombstone:bag_of_seeds":1,"swem:oat_seeds":2,"minecraft:oak_planks":5,"minecraft:book":6,"swem:salve":3,"minecraft:torch":1,"minecraft:pumpkin_seeds":3,"minecraft:iron_helmet":1,"mysticalworld:aubergine_seeds":3,"minecraft:chainmail_leggings":1,"minecraft:hay_block":16,"minecraft:iron_block":1,"swem:alfalfa_seeds":2,"minecraft:gold_ingot":4,"minecraft:mutton":3,"minecraft:white_wool":2,"minecraft:cobblestone":2}},"DataVersion":2586}